level,name,Total population,Population under age 18,Percent under age 18,Population ages 18+,Percent ages 18+,Population ages 65+,Percent ages 65+,Male population,Percent male,Female population,Percent female,White population,Percent white,Black population,Percent black,Latino population,Percent Latino,Other race population,Percent other race,Foreign-born population,Percent foreign-born,Total households,Owner-occupied households,Homeownership rate,Cost-burdened households,Cost-burden rate,Households with 1+ vehicles,"Percent of households, 1+ vehicles",Adults ages 25+,Adults without high school diploma,"Percent of adults, no high school diploma",Adults with bachelor's or higher,"Percent of adults, bachelor's or higher",Median household income,Poverty status known,Population in poverty,Poverty rate,Low-income population,Low-income rate,"Under 18, poverty status known",Children in poverty,Child poverty rate,Low-income children,Child low-income rate,"Ages 65+, poverty status known",Seniors in poverty,Senior poverty rate,Low-income seniors,Senior low-income rate
2_state,Connecticut,3598348,733998,0.2,2864350,0.8,650772,0.18,1765117,0.49,1833231,0.51,2265780,0.63,355413,0.1,640668,0.18,336487,0.09,555161,0.15,1420170,939912,0.66,479072,0.35,1298057,0.91,2532853,219549,0.09,1062403,0.42,93760,3510193,351948,0.1,775737,0.22,724622,95177,0.13,204747,0.28,633062,52355,0.08,139185,0.22
3_county,Capitol COG,969029,197922,0.2,771107,0.8,171507,0.18,474604,0.49,494425,0.51,590481,0.61,111597,0.12,168439,0.17,98512,0.1,145486,0.15,389086,254424,0.65,122456,0.32,352042,0.9,675851,59710,0.09,280403,0.41,91541,939085,96546,0.1,205543,0.22,195481,25264,0.13,53959,0.28,166410,15018,0.09,36889,0.22
3_county,Greater Bridgeport COG,326296,72652,0.22,253644,0.78,51467,0.16,160029,0.49,166267,0.51,174303,0.53,36215,0.11,85034,0.26,30744,0.09,73230,0.22,118335,77362,0.65,47181,0.41,105592,0.89,220459,28095,0.13,91838,0.42,87135,318192,42096,0.13,84501,0.27,71851,12811,0.18,24061,0.33,50445,5543,0.11,12969,0.26
3_county,Lower Connecticut River Valley COG,174983,29746,0.17,145237,0.83,37808,0.22,86295,0.49,88688,0.51,140056,0.8,7957,0.05,13031,0.07,13939,0.08,14099,0.08,73624,55387,0.75,22133,0.31,69489,0.94,129894,6199,0.05,59038,0.45,101117,169707,11625,0.07,29454,0.17,29351,2048,0.07,5509,0.19,36500,2199,0.06,7321,0.2
3_county,Naugatuck Valley COG,452303,92290,0.2,360013,0.8,84656,0.19,221077,0.49,231226,0.51,276403,0.61,46541,0.1,86804,0.19,42555,0.09,60819,0.13,178340,120630,0.68,60345,0.35,162363,0.91,323618,31284,0.1,109346,0.34,86365,446387,46175,0.1,105222,0.24,90896,12746,0.14,27341,0.3,82466,6999,0.08,20058,0.24
3_county,Northeastern Connecticut COG,95829,17836,0.19,77993,0.81,18252,0.19,47829,0.5,48000,0.5,83553,0.87,1611,0.02,4839,0.05,5826,0.06,4074,0.04,39155,29835,0.76,10721,0.28,37396,0.96,71008,5606,0.08,18575,0.26,87564,94748,8137,0.09,19792,0.21,17705,2069,0.12,5100,0.29,17811,1423,0.08,4060,0.23
3_county,Northwest Hills COG,112848,20400,0.18,92448,0.82,25101,0.22,56408,0.5,56440,0.5,93305,0.83,2826,0.03,9442,0.08,7275,0.06,9837,0.09,47035,35683,0.76,13598,0.3,44293,0.94,84448,5016,0.06,33264,0.39,91035,111434,10224,0.09,21749,0.2,19950,2238,0.11,4749,0.24,24407,1738,0.07,4598,0.19
3_county,South Central Connecticut COG,566803,112160,0.2,454643,0.8,103124,0.18,273939,0.48,292864,0.52,337620,0.6,73955,0.13,108273,0.19,46955,0.08,75895,0.13,227739,137908,0.61,81094,0.37,202961,0.89,396925,33077,0.08,163023,0.41,86266,547777,63456,0.12,137799,0.25,110589,17811,0.16,37696,0.34,100179,8854,0.09,23851,0.24
3_county,Southeastern Connecticut COG,279025,54621,0.2,224404,0.8,53143,0.19,139744,0.5,139281,0.5,199002,0.71,13847,0.05,40941,0.15,25235,0.09,24659,0.09,114577,74923,0.65,36210,0.32,106050,0.93,197124,14503,0.07,68278,0.35,84185,268371,28317,0.11,64285,0.24,53951,7983,0.15,17238,0.32,51440,3477,0.07,11011,0.21
3_county,Western Connecticut COG,621232,136371,0.22,484861,0.78,105714,0.17,305192,0.49,316040,0.51,371057,0.6,60864,0.1,123865,0.2,65446,0.11,147062,0.24,232279,153760,0.66,85334,0.37,217871,0.94,433526,36059,0.08,238638,0.55,124553,614492,45372,0.07,107392,0.17,134848,12207,0.09,29094,0.22,103404,7104,0.07,18428,0.18
4_region,6 wealthiest Fairfield County,123435,33906,0.27,89529,0.73,20856,0.17,60414,0.49,63021,0.51,99339,0.8,2590,0.02,8196,0.07,13310,0.11,17629,0.14,42819,36926,0.86,13469,0.32,41515,0.97,81235,1669,0.02,63593,0.78,NA,122827,4404,0.04,9240,0.08,33725,863,0.03,2051,0.06,20583,1093,0.05,2386,0.12
4_region,Backus Hospital HSA,116223,24387,0.21,91836,0.79,20045,0.17,58592,0.5,57631,0.5,84874,0.73,6271,0.05,13637,0.12,11441,0.1,9416,0.08,46254,32933,0.71,14735,0.33,42777,0.92,82583,7017,0.08,19797,0.24,NA,114601,11714,0.1,27565,0.24,24058,3533,0.15,7756,0.32,19612,1507,0.08,4896,0.25
4_region,Backus Hospital HSA other towns,76231,15948,0.21,60283,0.79,12898,0.17,38638,0.51,37593,0.49,62499,0.82,2245,0.03,5064,0.07,6423,0.08,3583,0.05,29414,23831,0.81,8106,0.28,27937,0.95,54501,3575,0.07,13449,0.25,NA,74914,5793,0.08,14421,0.19,15755,1689,0.11,4069,0.26,12613,854,0.07,2659,0.21
4_region,Charlotte Hungerford HSA,100237,18585,0.19,81652,0.81,21651,0.22,50285,0.5,49952,0.5,82505,0.82,2695,0.03,8600,0.09,6437,0.06,7736,0.08,42291,32026,0.76,12664,0.31,39497,0.93,74716,4598,0.06,27299,0.37,NA,99004,9012,0.09,19222,0.19,18117,1953,0.11,4073,0.22,21021,1630,0.08,4089,0.19
4_region,Charlotte Hungerford HSA other towns,54514,10846,0.2,43668,0.8,12217,0.22,27477,0.5,27037,0.5,47821,0.88,441,0.01,2892,0.05,3360,0.06,2830,0.05,22123,18685,0.84,6033,0.28,21179,0.96,40371,1271,0.03,18568,0.46,NA,54133,2866,0.05,6169,0.11,10730,688,0.06,1132,0.11,12013,438,0.04,1573,0.13
4_region,Eastern Connecticut Health Network,224550,46954,0.21,177596,0.79,37256,0.17,111605,0.5,112945,0.5,136557,0.61,23290,0.1,37257,0.17,27446,0.12,32665,0.15,90908,59503,0.65,27500,0.31,84806,0.93,159075,10736,0.07,61537,0.39,NA,222704,22777,0.1,50996,0.23,46274,5689,0.12,12916,0.28,36383,3667,0.1,8514,0.23
4_region,Eastern Connecticut Health Network other towns,83902,18617,0.22,65285,0.78,14949,0.18,41937,0.5,41965,0.5,66278,0.79,1747,0.02,4608,0.05,11269,0.13,9570,0.11,31841,26275,0.83,7413,0.24,30911,0.97,58016,1831,0.03,30004,0.52,NA,83510,4556,0.05,9215,0.11,18386,997,0.05,1854,0.1,14833,746,0.05,1956,0.13
4_region,Eastern cities,129182,24724,0.19,104458,0.81,21885,0.17,64976,0.5,64206,0.5,73557,0.57,10561,0.08,32174,0.25,12890,0.1,16298,0.13,54307,26544,0.49,20546,0.39,48248,0.89,86872,9390,0.11,25678,0.3,NA,121490,19397,0.16,41134,0.34,24296,5652,0.23,11720,0.48,21034,1777,0.08,5441,0.26
4_region,Greater Bridgeport,326296,72652,0.22,253644,0.78,51467,0.16,160029,0.49,166267,0.51,174303,0.53,36215,0.11,85034,0.26,30744,0.09,73230,0.22,118335,77362,0.65,47181,0.41,105592,0.89,220459,28095,0.13,91838,0.42,NA,318192,42096,0.13,84501,0.27,71851,12811,0.18,24061,0.33,50445,5543,0.11,12969,0.26
4_region,Greater Danbury,267695,56398,0.21,211297,0.79,52182,0.19,131818,0.49,135877,0.51,181297,0.68,15277,0.06,44592,0.17,26529,0.1,51362,0.19,101132,76023,0.75,34570,0.35,95747,0.95,189379,15520,0.08,90457,0.48,NA,263448,18055,0.07,45211,0.17,55976,4639,0.08,12253,0.22,50980,3577,0.07,9047,0.18
4_region,Greater Danbury other towns,153448,33228,0.22,120220,0.78,33381,0.22,75100,0.49,78348,0.51,121758,0.79,4542,0.03,14472,0.09,12676,0.08,18065,0.12,57957,49606,0.86,17312,0.3,55485,0.96,109506,4695,0.04,61717,0.56,NA,151888,6629,0.04,18478,0.12,32994,1364,0.04,4638,0.14,32697,1972,0.06,5119,0.16
4_region,Greater Hartford,969029,197922,0.2,771107,0.8,171507,0.18,474604,0.49,494425,0.51,590481,0.61,111597,0.12,168439,0.17,98512,0.1,145486,0.15,389086,254424,0.65,122456,0.32,352042,0.9,675851,59710,0.09,280403,0.41,NA,939085,96546,0.1,205543,0.22,195481,25264,0.13,53959,0.28,166410,15018,0.09,36889,0.22
4_region,Greater New Haven,462346,91141,0.2,371205,0.8,84274,0.18,223671,0.48,238675,0.52,272662,0.59,68579,0.15,80630,0.17,40475,0.09,64611,0.14,184376,109604,0.59,66662,0.37,162977,0.88,321411,25174,0.08,140649,0.44,NA,444609,52497,0.12,111451,0.25,89703,14472,0.16,29877,0.33,82225,7161,0.09,18894,0.23
4_region,Greater Norwalk,168135,38738,0.23,129397,0.77,28006,0.17,82914,0.49,85221,0.51,99762,0.59,17965,0.11,34185,0.2,16223,0.1,39462,0.23,61947,42789,0.69,22460,0.37,58505,0.94,116820,8395,0.07,69223,0.59,NA,167021,11510,0.07,25146,0.15,38215,3116,0.08,6658,0.17,27570,1603,0.06,4375,0.16
4_region,Greater Norwalk other towns,76760,20973,0.27,55787,0.73,12993,0.17,37528,0.49,39232,0.51,60710,0.79,1939,0.03,5505,0.07,8606,0.11,12130,0.16,26471,23236,0.88,8451,0.33,25814,0.98,50472,1005,0.02,39648,0.79,NA,76253,2326,0.03,4798,0.06,20799,365,0.02,813,0.04,12789,607,0.05,1333,0.1
4_region,Greater Waterbury,340615,71175,0.21,269440,0.79,66207,0.19,166570,0.49,174045,0.51,210961,0.62,35636,0.1,64003,0.19,30015,0.09,45532,0.13,133531,92714,0.69,45450,0.35,121237,0.91,241799,24137,0.1,86592,0.36,NA,335776,37527,0.11,80004,0.24,70082,10976,0.16,21517,0.31,64776,5013,0.08,14778,0.23
4_region,Hartford Foundation,757461,157649,0.21,599812,0.79,133698,0.18,371679,0.49,385782,0.51,446164,0.59,101121,0.13,128314,0.17,81862,0.11,119044,0.16,306300,200719,0.66,95858,0.32,276100,0.9,536365,45588,0.08,234295,0.44,NA,740617,74218,0.1,156855,0.21,155770,19651,0.13,40634,0.26,129509,12139,0.09,28606,0.22
4_region,Hartford Foundation other towns,637491,129704,0.2,507787,0.8,119959,0.19,313746,0.49,323745,0.51,427032,0.67,60631,0.1,74627,0.12,75201,0.12,91446,0.14,257277,188098,0.73,71354,0.28,241071,0.94,460518,26090,0.06,220447,0.48,NA,626891,45259,0.07,101774,0.16,128420,10061,0.08,23418,0.18,116205,8620,0.07,21960,0.19
4_region,Hartford Hospital HSA,502496,103911,0.21,398585,0.79,85503,0.17,244688,0.49,257808,0.51,245312,0.49,93509,0.19,110103,0.22,53572,0.11,92645,0.18,205956,122006,0.59,70284,0.35,179889,0.87,352837,38306,0.11,134304,0.38,NA,490442,60032,0.12,125771,0.26,102515,17086,0.17,34600,0.34,82720,9229,0.11,20869,0.25
4_region,Hartford Hospital HSA other towns,382526,75966,0.2,306560,0.8,71764,0.19,186755,0.49,195771,0.51,226180,0.59,53019,0.14,56416,0.15,46911,0.12,65047,0.17,156933,109385,0.7,45780,0.3,144860,0.92,276990,18808,0.07,120456,0.43,NA,376716,31073,0.08,70690,0.19,75165,7496,0.1,17384,0.23,69416,5710,0.08,14223,0.2
4_region,Hartford Inner Ring,425159,82376,0.19,342783,0.81,80728,0.19,207678,0.49,217481,0.51,262475,0.62,54440,0.13,61995,0.15,46249,0.11,67280,0.16,177343,121309,0.68,52616,0.3,164125,0.93,310192,21501,0.07,127067,0.41,NA,419149,36113,0.09,83116,0.2,81535,8531,0.1,20238,0.25,78183,6718,0.09,16726,0.21
4_region,Hartford Outer Ring,350599,71286,0.2,279313,0.8,66306,0.19,173651,0.5,176948,0.5,279733,0.8,8862,0.03,21402,0.06,40602,0.12,37123,0.11,133411,107723,0.81,32882,0.25,128253,0.96,242614,10148,0.04,130624,0.54,NA,335383,18319,0.05,38908,0.12,70470,3170,0.04,7187,0.1,64647,3601,0.06,10051,0.16
4_region,Health Improvement Collaborative of Southeastern Connecticut area,152481,28845,0.19,123636,0.81,31874,0.21,76581,0.5,75900,0.5,111240,0.73,7219,0.05,19047,0.12,14975,0.1,14100,0.09,63987,41976,0.66,19511,0.31,59665,0.93,108898,5745,0.05,46484,0.43,NA,145795,13217,0.09,29743,0.2,28398,3823,0.13,7755,0.27,30872,1894,0.06,5753,0.19
4_region,Health Improvement Collaborative of Southeastern Connecticut area other towns,125282,24042,0.19,101240,0.81,27957,0.22,63673,0.51,61609,0.49,99058,0.79,3555,0.03,9679,0.08,12990,0.1,8894,0.07,52418,37342,0.71,14671,0.28,49919,0.95,91393,3650,0.04,41417,0.45,NA,121784,8181,0.07,20597,0.17,23774,2226,0.09,5197,0.22,27111,1560,0.06,4797,0.18
4_region,Hospital of Central Connecticut HSA,262426,52298,0.2,210128,0.8,47117,0.18,128240,0.49,134186,0.51,173111,0.66,15143,0.06,52337,0.2,21835,0.08,34974,0.13,106635,70564,0.66,34073,0.33,98122,0.92,184558,17550,0.1,59420,0.32,NA,258343,24594,0.1,58710,0.23,51725,6662,0.13,16248,0.31,45738,3264,0.07,10574,0.23
4_region,Hospital of Central Connecticut HSA other towns,189125,35983,0.19,153142,0.81,36383,0.19,92898,0.49,96227,0.51,143970,0.76,7338,0.04,20982,0.11,16835,0.09,21489,0.11,77326,57793,0.75,21619,0.29,73487,0.95,137360,8987,0.07,50556,0.37,NA,187516,11439,0.06,30272,0.16,35599,2689,0.08,6930,0.19,35462,2084,0.06,7108,0.2
4_region,Lower Naugatuck Valley,140104,27151,0.19,112953,0.81,26206,0.19,68422,0.49,71682,0.51,90778,0.65,12199,0.09,22822,0.16,14305,0.1,21033,0.15,55372,39813,0.72,18159,0.33,51942,0.94,102925,7886,0.08,37575,0.37,NA,139207,8581,0.06,24599,0.18,26968,1852,0.07,6009,0.22,25556,2133,0.08,5750,0.22
4_region,MidState Medical Center HSA,176884,35994,0.2,140890,0.8,33515,0.19,85434,0.48,91450,0.52,123735,0.7,6814,0.04,31774,0.18,14561,0.08,18968,0.11,70786,51363,0.73,20527,0.3,66408,0.94,127649,11204,0.09,48751,0.38,NA,173501,13884,0.08,33170,0.19,35632,4026,0.11,9400,0.26,32280,2316,0.07,7030,0.22
4_region,MidState Medical Center HSA other towns,116466,22945,0.2,93521,0.8,24291,0.21,56362,0.48,60104,0.52,94025,0.81,2351,0.02,8997,0.08,11093,0.1,12551,0.11,46077,36565,0.79,11240,0.25,44180,0.96,85486,5450,0.06,39388,0.46,NA,113768,5423,0.05,12605,0.11,22697,1099,0.05,2413,0.11,23519,1468,0.06,4426,0.19
4_region,Natchaug Hospital HSA,76351,12127,0.16,64224,0.84,12256,0.16,37002,0.48,39349,0.52,55178,0.72,2379,0.03,12582,0.16,6212,0.08,6401,0.08,26908,17648,0.66,8618,0.33,25112,0.93,44763,3859,0.09,15884,0.35,NA,64053,9141,0.14,18925,0.3,11943,1896,0.16,4461,0.37,11938,867,0.07,2530,0.21
4_region,Natchaug Hospital HSA other towns,52446,7637,0.15,44809,0.85,8727,0.17,25525,0.49,26921,0.51,42944,0.82,1338,0.03,2980,0.06,5184,0.1,4506,0.09,17509,13401,0.77,4790,0.29,16767,0.96,29870,1534,0.05,12758,0.43,NA,42584,4351,0.1,9008,0.21,7467,618,0.08,1593,0.21,8662,563,0.06,1599,0.18
4_region,New Haven Inner Ring,143173,27136,0.19,116037,0.81,24722,0.17,68472,0.48,74701,0.52,79081,0.55,25212,0.18,27996,0.2,10884,0.08,22269,0.16,55207,33449,0.61,19956,0.37,50394,0.91,97598,8492,0.09,34732,0.36,NA,134533,13862,0.1,33357,0.25,26647,3197,0.12,8675,0.33,23918,2116,0.09,5458,0.23
4_region,New Haven Outer Ring,186280,35295,0.19,150985,0.81,43974,0.24,91684,0.49,94596,0.51,154607,0.83,4770,0.03,11131,0.06,15772,0.08,18816,0.1,75745,60998,0.81,21501,0.29,72784,0.96,139372,4829,0.03,74051,0.53,NA,184910,7366,0.04,20083,0.11,34981,1215,0.03,3470,0.1,43112,2150,0.05,6443,0.15
4_region,North Central DMHAS,1005934,208574,0.21,797360,0.79,177165,0.18,493235,0.49,512699,0.51,612155,0.61,114448,0.11,178486,0.18,100845,0.1,148706,0.15,406544,266273,0.65,127722,0.32,368273,0.91,709570,62051,0.09,288203,0.41,NA,985012,98251,0.1,213654,0.22,206020,26334,0.13,56658,0.28,171670,15451,0.09,38667,0.23
4_region,Other New Haven County cities,104457,21019,0.2,83438,0.8,18850,0.18,50268,0.48,54189,0.52,64958,0.62,5376,0.05,27643,0.26,6480,0.06,11284,0.11,43363,28304,0.65,14432,0.34,39984,0.92,75514,7903,0.1,22374,0.3,NA,103168,10959,0.11,26348,0.26,20886,3339,0.16,7819,0.37,17954,1693,0.09,4957,0.28
4_region,QVHD,98795,19031,0.19,79764,0.81,19059,0.19,48603,0.49,50192,0.51,63880,0.65,15497,0.16,10408,0.11,9010,0.09,12541,0.13,37823,26901,0.71,11365,0.31,35396,0.94,68926,3502,0.05,34460,0.5,NA,93196,6472,0.07,15348,0.16,18612,1373,0.07,3450,0.19,18489,1071,0.06,3293,0.18
4_region,Sharon Hospital HSA,20390,3450,0.17,16940,0.83,5601,0.27,10176,0.5,10214,0.5,17146,0.84,210,0.01,1278,0.06,1756,0.09,1845,0.09,8549,6432,0.75,2510,0.31,8143,0.95,15549,641,0.04,7881,0.51,NA,20067,2022,0.1,3669,0.18,3420,557,0.16,874,0.26,5397,202,0.04,738,0.14
4_region,South Central DMHAS,821297,156984,0.19,664313,0.81,155345,0.19,397845,0.48,423452,0.52,525590,0.64,89995,0.11,136299,0.17,69413,0.08,102973,0.13,332562,214244,0.64,114381,0.35,301429,0.91,585803,44459,0.08,241848,0.41,NA,796516,80971,0.1,183544,0.23,155086,20885,0.13,47209,0.3,150596,12469,0.08,34734,0.23
4_region,Southeastern DMHAS,430406,80350,0.19,350056,0.81,81594,0.19,214915,0.5,215491,0.5,327832,0.76,16867,0.04,48789,0.11,36918,0.09,33962,0.08,172931,119185,0.69,52375,0.31,161780,0.94,300308,21505,0.07,102240,0.34,NA,408672,41178,0.1,93054,0.23,79241,10535,0.13,23435,0.3,79385,5534,0.07,16755,0.21
4_region,Southwestern DMHAS,715425,159162,0.22,556263,0.78,115368,0.16,350232,0.49,365193,0.51,394006,0.55,82542,0.12,167151,0.23,71726,0.1,172382,0.24,264358,167499,0.63,102419,0.4,241934,0.92,491656,49703,0.1,254281,0.52,NA,704484,71105,0.1,151340,0.21,157218,20646,0.13,41748,0.27,113085,9717,0.09,24251,0.21
4_region,St. Vincent's Medical Center HSA,378636,81484,0.22,297152,0.78,62720,0.17,185253,0.49,193383,0.51,216315,0.57,37572,0.1,89713,0.24,35036,0.09,78666,0.21,140433,94333,0.67,53796,0.39,126778,0.9,260371,29692,0.11,111334,0.43,NA,370113,44401,0.12,90538,0.24,80609,13182,0.16,25142,0.31,61427,6092,0.1,14523,0.24
4_region,St. Vincent's Medical Center HSA other towns,230624,49754,0.22,180870,0.78,43054,0.19,113040,0.49,117584,0.51,178397,0.77,8713,0.04,23696,0.1,19818,0.09,30051,0.13,84935,70306,0.83,26539,0.32,81661,0.96,161274,7722,0.05,88411,0.55,NA,225360,11778,0.05,28075,0.12,49240,2449,0.05,6392,0.13,42120,2441,0.06,6344,0.15
4_region,Stamford Hospital HSA,157489,31573,0.2,125916,0.8,24584,0.16,77079,0.49,80410,0.51,75674,0.48,26252,0.17,39329,0.25,16234,0.1,45586,0.29,61276,31664,0.52,25056,0.42,55976,0.91,111506,11564,0.1,62198,0.56,NA,156134,14109,0.09,33479,0.21,30962,3754,0.12,8674,0.28,24056,2040,0.08,5378,0.22
4_region,Western DMHAS,625286,128928,0.21,496358,0.79,121300,0.19,308890,0.49,316396,0.51,406197,0.65,51561,0.08,109943,0.18,57585,0.09,97138,0.16,243775,172711,0.71,82175,0.35,224641,0.92,445516,41831,0.09,175831,0.39,NA,615509,60443,0.1,134145,0.22,127057,16777,0.13,35697,0.28,118326,9184,0.08,24778,0.21
4_region,Windham Hospital HSA,76351,12127,0.16,64224,0.84,12256,0.16,37002,0.48,39349,0.52,55178,0.72,2379,0.03,12582,0.16,6212,0.08,6401,0.08,26908,17648,0.66,8618,0.33,25112,0.93,44763,3859,0.09,15884,0.35,NA,64053,9141,0.14,18925,0.3,11943,1896,0.16,4461,0.37,11938,867,0.07,2530,0.21
4_region,Windham Hospital HSA other towns,52446,7637,0.15,44809,0.85,8727,0.17,25525,0.49,26921,0.51,42944,0.82,1338,0.03,2980,0.06,5184,0.1,4506,0.09,17509,13401,0.77,4790,0.29,16767,0.96,29870,1534,0.05,12758,0.43,NA,42584,4351,0.1,9008,0.21,7467,618,0.08,1593,0.21,8662,563,0.06,1599,0.18
6_town,Andover,3148,477,0.15,2671,0.85,651,0.21,1542,0.49,1606,0.51,2964,0.94,9,0,20,0.01,155,0.05,160,0.05,1173,1102,0.94,296,0.25,1164,0.99,2436,50,0.02,1129,0.46,127335,3148,29,0.01,165,0.05,477,0,0,22,0.05,651,10,0.02,79,0.12
6_town,Avon,18856,4301,0.23,14555,0.77,3964,0.21,9532,0.51,9324,0.49,13843,0.73,391,0.02,872,0.05,3750,0.2,3267,0.17,7583,6305,0.83,1875,0.25,7258,0.96,13652,441,0.03,9752,0.71,151481,18667,888,0.05,1744,0.09,4291,211,0.05,359,0.08,3809,184,0.05,487,0.13
6_town,Berlin,20210,4024,0.2,16186,0.8,4837,0.24,10075,0.5,10135,0.5,17382,0.86,176,0.01,1248,0.06,1404,0.07,2271,0.11,8323,6814,0.82,2296,0.28,8019,0.96,14504,1083,0.07,6344,0.44,110657,20132,911,0.05,1960,0.1,3966,224,0.06,541,0.14,4819,277,0.06,544,0.11
6_town,Bloomfield,21547,3061,0.14,18486,0.86,5443,0.25,9766,0.45,11781,0.55,6450,0.3,11586,0.54,1633,0.08,1878,0.09,5411,0.25,8992,6338,0.7,2915,0.33,8060,0.9,16854,1372,0.08,6590,0.39,97436,21226,1565,0.07,3155,0.15,3053,301,0.1,594,0.19,5214,263,0.05,668,0.13
6_town,Bolton,4848,907,0.19,3941,0.81,959,0.2,2434,0.5,2414,0.5,4190,0.86,71,0.01,321,0.07,266,0.05,488,0.1,1951,1722,0.88,511,0.26,1923,0.99,3594,190,0.05,1747,0.49,124861,4848,393,0.08,792,0.16,907,115,0.13,213,0.23,959,88,0.09,229,0.24
6_town,Canton,10108,2308,0.23,7800,0.77,2336,0.23,5042,0.5,5066,0.5,8905,0.88,125,0.01,312,0.03,766,0.08,587,0.06,4218,3619,0.86,1213,0.29,3945,0.94,7360,40,0.01,4335,0.59,127941,9992,471,0.05,932,0.09,2276,124,0.05,148,0.07,2282,103,0.05,247,0.11
6_town,Columbia,5268,642,0.12,4626,0.88,1293,0.25,2900,0.55,2368,0.45,4526,0.86,114,0.02,290,0.06,338,0.06,159,0.03,2122,1775,0.84,338,0.16,2100,0.99,4333,539,0.12,1451,0.33,122500,5268,351,0.07,1130,0.21,642,0,0,129,0.2,1293,225,0.17,459,0.35
6_town,Coventry,12267,2586,0.21,9681,0.79,2367,0.19,6027,0.49,6240,0.51,11286,0.92,0,0,574,0.05,407,0.03,739,0.06,4881,4399,0.9,1004,0.21,4729,0.97,8877,248,0.03,3921,0.44,104953,12223,525,0.04,1108,0.09,2544,229,0.09,364,0.14,2367,44,0.02,137,0.06
6_town,East Granby,5214,1421,0.27,3793,0.73,1026,0.2,2330,0.45,2884,0.55,3997,0.77,212,0.04,314,0.06,691,0.13,507,0.1,1929,1566,0.81,494,0.26,1796,0.93,3553,218,0.06,1675,0.47,123005,5093,81,0.02,471,0.09,1300,0,0,91,0.07,1026,21,0.02,131,0.13
6_town,East Hartford,50798,11098,0.22,39700,0.78,7636,0.15,25014,0.49,25784,0.51,16211,0.32,11530,0.23,19507,0.38,3550,0.07,9958,0.2,20519,12097,0.59,8035,0.4,18015,0.88,35234,4612,0.13,6200,0.18,66943,50250,7376,0.15,17815,0.35,10860,2083,0.19,5339,0.49,7434,1122,0.15,2301,0.31
6_town,East Windsor,11157,1472,0.13,9685,0.87,2508,0.22,5649,0.51,5508,0.49,8231,0.74,518,0.05,924,0.08,1484,0.13,1075,0.1,5140,3778,0.74,1452,0.28,4793,0.93,8746,512,0.06,3660,0.42,95264,10963,769,0.07,1561,0.14,1461,50,0.03,119,0.08,2397,167,0.07,554,0.23
6_town,Ellington,16700,4022,0.24,12678,0.76,2925,0.18,8727,0.52,7973,0.48,13788,0.83,425,0.03,720,0.04,1767,0.11,1220,0.07,6329,4481,0.71,1788,0.29,6219,0.98,11448,339,0.03,5581,0.49,125797,16611,826,0.05,1743,0.1,3933,206,0.05,277,0.07,2925,91,0.03,396,0.14
6_town,Enfield,41100,7663,0.19,33437,0.81,7726,0.19,21312,0.52,19788,0.48,31074,0.76,2067,0.05,4401,0.11,3558,0.09,2515,0.06,16862,12844,0.76,4658,0.28,15828,0.94,30241,1836,0.06,9253,0.31,91141,39236,3152,0.08,7599,0.19,7552,864,0.11,2100,0.28,7490,593,0.08,1530,0.2
6_town,Farmington,26685,5180,0.19,21505,0.81,5375,0.2,12917,0.48,13768,0.52,18628,0.7,711,0.03,1953,0.07,5393,0.2,5472,0.21,10963,8267,0.75,2807,0.26,10396,0.95,19405,703,0.04,12848,0.66,134237,26479,1420,0.05,3059,0.12,5137,125,0.02,260,0.05,5258,340,0.06,1165,0.22
6_town,Glastonbury,35136,7517,0.21,27619,0.79,7053,0.2,16946,0.48,18190,0.52,26852,0.76,712,0.02,2896,0.08,4676,0.13,4529,0.13,14167,11680,0.82,3150,0.23,13711,0.97,24987,548,0.02,17181,0.69,150290,34912,1298,0.04,3042,0.09,7482,144,0.02,533,0.07,6931,374,0.05,907,0.13
6_town,Granby,11020,2301,0.21,8719,0.79,1976,0.18,5679,0.52,5341,0.48,9983,0.91,70,0.01,295,0.03,672,0.06,695,0.06,4363,4035,0.92,1102,0.26,4279,0.98,7956,163,0.02,4508,0.57,117476,10888,305,0.03,1003,0.09,2254,17,0.01,170,0.08,1896,151,0.08,290,0.15
6_town,Hartford,119970,27945,0.23,92025,0.77,13739,0.11,57933,0.48,62037,0.52,19132,0.16,40490,0.34,53687,0.45,6661,0.06,27598,0.23,49023,12621,0.26,24504,0.53,35029,0.71,75847,19498,0.26,13848,0.18,45300,113726,28959,0.25,55081,0.48,27350,9590,0.35,17216,0.63,13304,3519,0.26,6646,0.5
6_town,Hebron,9109,1896,0.21,7213,0.79,1839,0.2,4669,0.51,4440,0.49,8241,0.9,78,0.01,414,0.05,376,0.04,286,0.03,3452,3069,0.89,865,0.25,3369,0.98,6574,207,0.03,3378,0.51,140700,9106,359,0.04,773,0.08,1894,38,0.02,131,0.07,1839,120,0.07,244,0.13
6_town,Manchester,59473,12126,0.2,47347,0.8,9133,0.15,29632,0.5,29841,0.5,32372,0.54,8479,0.14,9466,0.16,9156,0.15,9846,0.17,25051,13776,0.55,7841,0.32,23348,0.93,42906,2729,0.06,17027,0.4,87213,58807,7311,0.12,16072,0.27,11942,2047,0.17,4277,0.36,8777,1247,0.14,2664,0.3
6_town,Mansfield,22454,2121,0.09,20333,0.91,2534,0.11,10459,0.47,11995,0.53,15985,0.71,1209,0.05,1511,0.07,3749,0.17,3125,0.14,5548,3027,0.55,2315,0.45,5037,0.91,7605,291,0.04,4347,0.57,67321,12638,2781,0.22,4483,0.35,1994,218,0.11,448,0.22,2469,126,0.05,503,0.2
6_town,Marlborough,6106,1453,0.24,4653,0.76,1036,0.17,2999,0.49,3107,0.51,4987,0.82,122,0.02,667,0.11,330,0.05,372,0.06,2151,1940,0.9,496,0.23,2112,0.98,4323,122,0.03,2138,0.49,140022,5996,551,0.09,736,0.12,1433,108,0.08,135,0.09,956,38,0.04,173,0.18
6_town,New Britain,73301,16315,0.22,56986,0.78,10734,0.15,35342,0.48,37959,0.52,29141,0.4,7805,0.11,31355,0.43,5000,0.07,13485,0.18,29309,12771,0.44,12454,0.44,24635,0.84,47198,8563,0.18,8864,0.19,57036,70827,13155,0.19,28438,0.4,16126,3973,0.25,9318,0.58,10276,1180,0.11,3466,0.34
6_town,Newington,30551,5234,0.17,25317,0.83,6482,0.21,14452,0.47,16099,0.53,22047,0.72,1321,0.04,3557,0.12,3626,0.12,6121,0.2,12754,9960,0.78,3497,0.28,11996,0.94,23075,1750,0.08,9317,0.4,98585,30276,2170,0.07,4695,0.16,5177,396,0.08,862,0.17,6293,314,0.05,1135,0.18
6_town,Plainville,17468,2829,0.16,14639,0.84,3447,0.2,8723,0.5,8745,0.5,13682,0.78,439,0.03,1977,0.11,1370,0.08,1920,0.11,8096,5459,0.67,2238,0.29,7754,0.96,13079,811,0.06,3731,0.29,81920,17346,1243,0.07,3380,0.19,2822,335,0.12,646,0.23,3373,339,0.1,1060,0.31
6_town,Rocky Hill,20724,3726,0.18,16998,0.82,4465,0.22,10172,0.49,10552,0.51,14357,0.69,980,0.05,1610,0.08,3777,0.18,4837,0.23,8926,6048,0.68,2115,0.24,8098,0.91,15770,776,0.05,7737,0.49,100061,20415,790,0.04,2319,0.11,3726,96,0.03,344,0.09,4221,204,0.05,460,0.11
6_town,Simsbury,24747,6224,0.25,18523,0.75,4378,0.18,11891,0.48,12856,0.52,20366,0.82,796,0.03,1602,0.06,1983,0.08,2043,0.08,9286,6864,0.74,2045,0.23,8897,0.96,17342,268,0.02,12051,0.69,153715,24447,1299,0.05,2345,0.1,6204,414,0.07,634,0.1,4136,263,0.06,493,0.12
6_town,Somers,10164,2218,0.22,7946,0.78,1962,0.19,5539,0.54,4625,0.46,8473,0.83,471,0.05,589,0.06,631,0.06,417,0.04,3404,3047,0.9,1022,0.3,3297,0.97,7340,678,0.09,2731,0.37,115119,9071,177,0.02,795,0.09,2203,0,0,181,0.08,1935,76,0.04,263,0.14
6_town,Southington,43575,8607,0.2,34968,0.8,8858,0.2,20867,0.48,22708,0.52,37610,0.86,662,0.02,2166,0.05,3137,0.07,3922,0.09,17349,14260,0.82,3922,0.23,16807,0.97,31703,1901,0.06,13693,0.43,121584,43279,1792,0.04,4838,0.11,8593,473,0.06,1285,0.15,8692,356,0.04,1412,0.16
6_town,South Windsor,26820,6530,0.24,20290,0.76,4432,0.17,13149,0.49,13671,0.51,17242,0.64,1117,0.04,1584,0.06,6877,0.26,5588,0.21,9720,8203,0.84,1997,0.21,9290,0.96,17952,591,0.03,10591,0.59,143025,26717,1077,0.04,2183,0.08,6467,335,0.05,591,0.09,4414,269,0.06,607,0.14
6_town,Stafford,11462,2470,0.22,8992,0.78,2411,0.21,5602,0.49,5860,0.51,10138,0.88,16,0,737,0.06,571,0.05,347,0.03,4569,3572,0.78,1195,0.26,4417,0.97,8362,515,0.06,2308,0.28,97509,11229,729,0.06,1802,0.16,2382,161,0.07,565,0.24,2284,233,0.1,513,0.22
6_town,Suffield,15636,2538,0.16,13098,0.84,2808,0.18,8693,0.56,6943,0.44,12690,0.81,908,0.06,1252,0.08,786,0.05,750,0.05,5326,4644,0.87,1178,0.23,5128,0.96,11357,1171,0.1,4564,0.4,125352,13845,492,0.04,979,0.07,2538,90,0.04,145,0.06,2611,78,0.03,254,0.1
6_town,Tolland,14556,3416,0.23,11140,0.77,2287,0.16,7128,0.49,7428,0.51,12241,0.84,70,0,1122,0.08,1123,0.08,901,0.06,5198,4740,0.91,981,0.2,5142,0.99,9884,242,0.02,5586,0.57,132500,14437,865,0.06,1675,0.12,3416,112,0.03,358,0.1,2189,145,0.07,319,0.15
6_town,Vernon,30377,5113,0.17,25264,0.83,5538,0.18,15022,0.49,15355,0.51,21696,0.71,1534,0.05,3676,0.12,3471,0.11,3291,0.11,13497,7355,0.54,4211,0.32,12532,0.93,22919,1564,0.07,8306,0.36,80766,30137,3534,0.12,7894,0.26,5086,562,0.11,1446,0.28,5339,552,0.1,1593,0.3
6_town,West Hartford,63809,13859,0.22,49950,0.78,12595,0.2,30227,0.47,33582,0.53,43798,0.69,4667,0.07,7367,0.12,7977,0.13,11011,0.17,26276,17748,0.68,7150,0.28,23895,0.91,45386,2454,0.05,30090,0.66,125616,62609,3769,0.06,7850,0.13,13768,653,0.05,1298,0.09,12053,940,0.08,2383,0.2
6_town,Wethersfield,27180,5543,0.2,21637,0.8,5872,0.22,13178,0.48,14002,0.52,21143,0.78,797,0.03,3413,0.13,1827,0.07,4094,0.15,11333,9294,0.82,2993,0.27,10697,0.94,19638,1013,0.05,10696,0.54,118523,27118,1586,0.06,3110,0.11,5514,443,0.08,741,0.13,5856,302,0.05,1083,0.18
6_town,Willington,5563,679,0.12,4884,0.88,1328,0.24,2930,0.53,2633,0.47,4567,0.82,55,0.01,267,0.05,674,0.12,474,0.09,2589,1628,0.63,836,0.34,2444,0.94,3825,171,0.04,1449,0.38,88370,5526,841,0.15,1549,0.28,642,0,0,29,0.05,1328,99,0.07,189,0.14
6_town,Windsor,29367,5654,0.19,23713,0.81,5472,0.19,14204,0.48,15163,0.52,13255,0.45,9957,0.34,2954,0.1,3201,0.11,4591,0.16,11360,9299,0.82,3127,0.28,10840,0.95,21188,1163,0.05,9295,0.44,107548,29099,1508,0.05,4331,0.15,5645,228,0.04,1119,0.2,5267,289,0.05,838,0.16
6_town,Windsor Locks,12555,2446,0.19,10109,0.81,2082,0.17,5901,0.47,6654,0.53,9008,0.72,907,0.07,1186,0.09,1454,0.12,1414,0.11,5354,4277,0.8,1540,0.29,5043,0.94,9398,338,0.04,2481,0.26,90417,12498,1198,0.1,2936,0.23,2424,299,0.12,931,0.38,2047,276,0.13,467,0.23
6_town,Bridgeport,148012,31730,0.21,116282,0.79,19666,0.13,72213,0.49,75799,0.51,37918,0.26,28859,0.19,66017,0.45,15218,0.1,48615,0.33,55498,24027,0.43,27257,0.51,45117,0.81,99097,21970,0.22,22923,0.23,56584,144753,32623,0.23,62463,0.43,31369,10733,0.34,18750,0.6,19307,3651,0.19,8179,0.42
6_town,Easton,7612,1917,0.25,5695,0.75,1293,0.17,4005,0.53,3607,0.47,6553,0.86,116,0.02,258,0.03,685,0.09,633,0.08,2601,2218,0.85,671,0.26,2594,1,5152,101,0.02,3739,0.73,189505,7599,582,0.08,693,0.09,1904,225,0.12,232,0.12,1293,40,0.03,97,0.08
6_town,Fairfield,62508,15023,0.24,47485,0.76,9800,0.16,30056,0.48,32452,0.52,52914,0.85,512,0.01,4378,0.07,4704,0.08,8043,0.13,21433,17758,0.83,6225,0.3,20858,0.97,40129,1233,0.03,28661,0.71,168391,58207,2708,0.05,6834,0.12,14734,310,0.02,1656,0.11,9426,474,0.05,1525,0.16
6_town,Monroe,18833,4743,0.25,14090,0.75,2951,0.16,9502,0.5,9331,0.5,15707,0.83,152,0.01,1272,0.07,1702,0.09,2165,0.11,6238,5869,0.94,1702,0.27,6029,0.97,12683,373,0.03,7331,0.58,156731,18833,480,0.03,1013,0.05,4743,131,0.03,226,0.05,2951,40,0.01,186,0.06
6_town,Stratford,52403,9274,0.18,43129,0.82,11409,0.22,25606,0.49,26797,0.51,33675,0.64,5826,0.11,10013,0.19,2889,0.06,7018,0.13,20679,16914,0.82,7873,0.39,19503,0.94,38823,3210,0.08,14560,0.38,93820,52101,3481,0.07,9640,0.19,9151,775,0.08,2223,0.24,11285,938,0.08,2105,0.19
6_town,Trumbull,36928,9965,0.27,26963,0.73,6348,0.17,18647,0.5,18281,0.5,27536,0.75,750,0.02,3096,0.08,5546,0.15,6756,0.18,11886,10576,0.89,3453,0.3,11491,0.97,24575,1208,0.05,14624,0.6,163227,36699,2222,0.06,3858,0.11,9950,637,0.06,974,0.1,6183,400,0.06,877,0.14
6_town,Chester,3786,665,0.18,3121,0.82,958,0.25,2058,0.54,1728,0.46,3266,0.86,69,0.02,263,0.07,188,0.05,194,0.05,1585,1147,0.72,570,0.37,1474,0.93,2760,116,0.04,1180,0.43,94570,3697,446,0.12,810,0.22,665,183,0.28,240,0.36,872,38,0.04,176,0.2
6_town,Clinton,13317,2142,0.16,11175,0.84,3141,0.24,6540,0.49,6777,0.51,11558,0.87,51,0,807,0.06,901,0.07,901,0.07,5439,4576,0.84,1400,0.26,5193,0.95,10031,558,0.06,4427,0.44,116023,13289,804,0.06,1947,0.15,2141,175,0.08,470,0.22,3114,126,0.04,427,0.14
6_town,Cromwell,14301,2682,0.19,11619,0.81,3259,0.23,7319,0.51,6982,0.49,10648,0.74,791,0.06,1263,0.09,1599,0.11,1419,0.1,5868,4711,0.8,1691,0.29,5657,0.96,10653,404,0.04,4855,0.46,104458,13987,895,0.06,2368,0.17,2681,150,0.06,352,0.13,3037,140,0.05,661,0.22
6_town,Deep River,4432,808,0.18,3624,0.82,950,0.21,2234,0.5,2198,0.5,3873,0.87,123,0.03,199,0.04,237,0.05,386,0.09,2057,1412,0.69,499,0.25,1912,0.93,3388,167,0.05,1472,0.43,86995,4424,269,0.06,592,0.13,801,20,0.02,42,0.05,950,45,0.05,218,0.23
6_town,Durham,7182,1168,0.16,6014,0.84,1452,0.2,3658,0.51,3524,0.49,6334,0.88,4,0,228,0.03,616,0.09,263,0.04,3038,2788,0.92,562,0.19,2996,0.99,5570,318,0.06,2669,0.48,151875,7141,301,0.04,687,0.1,1163,26,0.02,51,0.04,1426,56,0.04,174,0.12
6_town,East Haddam,8934,1619,0.18,7315,0.82,2192,0.25,4355,0.49,4579,0.51,8168,0.91,0,0,345,0.04,421,0.05,265,0.03,3635,3124,0.86,851,0.24,3575,0.98,6870,148,0.02,2805,0.41,105866,8835,441,0.05,1732,0.2,1591,93,0.06,437,0.27,2129,107,0.05,482,0.23
6_town,East Hampton,12834,2759,0.21,10075,0.79,2516,0.2,6420,0.5,6414,0.5,11051,0.86,82,0.01,939,0.07,762,0.06,595,0.05,5082,4339,0.85,1488,0.3,5039,0.99,9185,515,0.06,3365,0.37,118775,12685,579,0.05,1635,0.13,2675,95,0.04,325,0.12,2453,153,0.06,425,0.17
6_town,Essex,6766,1065,0.16,5701,0.84,1654,0.24,3204,0.47,3562,0.53,6003,0.89,114,0.02,215,0.03,434,0.06,460,0.07,3041,2358,0.78,1066,0.35,2837,0.93,4978,153,0.03,2780,0.56,100767,6714,227,0.03,867,0.13,1063,18,0.02,133,0.13,1620,95,0.06,265,0.16
6_town,Haddam,8562,1772,0.21,6790,0.79,1754,0.2,4412,0.52,4150,0.48,7273,0.85,78,0.01,465,0.05,746,0.09,436,0.05,3218,2876,0.89,919,0.29,3129,0.97,6285,297,0.05,2973,0.47,115833,8461,234,0.03,1215,0.14,1772,62,0.03,345,0.19,1663,57,0.03,238,0.14
6_town,Killingworth,6219,1112,0.18,5107,0.82,1436,0.23,3046,0.49,3173,0.51,5447,0.88,0,0,157,0.03,615,0.1,98,0.02,2425,2414,1,566,0.23,2383,0.98,4623,55,0.01,2390,0.52,132739,6219,229,0.04,750,0.12,1112,0,0,318,0.29,1436,151,0.11,209,0.15
6_town,Lyme,2356,367,0.16,1989,0.84,696,0.3,1239,0.53,1117,0.47,2184,0.93,0,0,36,0.02,136,0.06,81,0.03,970,857,0.88,200,0.21,955,0.98,1867,26,0.01,1181,0.63,139000,2356,51,0.02,164,0.07,367,21,0.06,50,0.14,696,13,0.02,68,0.1
6_town,Middlefield,4236,683,0.16,3553,0.84,984,0.23,2107,0.5,2129,0.5,3664,0.86,26,0.01,152,0.04,394,0.09,296,0.07,1737,1483,0.85,511,0.3,1691,0.97,3308,129,0.04,1414,0.43,113750,4236,263,0.06,494,0.12,683,28,0.04,69,0.1,984,145,0.15,272,0.28
6_town,Middletown,47646,6986,0.15,40660,0.85,7895,0.17,23217,0.49,24429,0.51,30839,0.65,6338,0.13,5629,0.12,4840,0.1,5777,0.12,20838,11061,0.53,7951,0.39,18580,0.89,33780,1915,0.06,13744,0.41,73979,43587,5324,0.12,11566,0.27,6855,979,0.14,2183,0.32,7382,649,0.09,2029,0.27
6_town,Old Lyme,7644,1498,0.2,6146,0.8,1981,0.26,3787,0.5,3857,0.5,6729,0.88,31,0,331,0.04,553,0.07,651,0.09,3089,2741,0.89,751,0.25,3069,0.99,5669,121,0.02,3038,0.54,126904,7542,175,0.02,543,0.07,1396,15,0.01,77,0.06,1981,127,0.06,328,0.17
6_town,Old Saybrook,10515,1494,0.14,9021,0.86,2776,0.26,4873,0.46,5642,0.54,9514,0.9,40,0,710,0.07,251,0.02,802,0.08,4460,3810,0.85,1002,0.24,4262,0.96,8409,286,0.03,4760,0.57,119500,10399,511,0.05,1430,0.14,1491,67,0.04,195,0.13,2665,188,0.07,426,0.16
6_town,Portland,9421,2192,0.23,7229,0.77,1708,0.18,4753,0.5,4668,0.5,8279,0.88,136,0.01,354,0.04,652,0.07,551,0.06,3632,2989,0.82,1033,0.29,3418,0.94,6760,568,0.08,3370,0.5,118955,9334,483,0.05,1411,0.15,2161,84,0.04,171,0.08,1652,35,0.02,471,0.29
6_town,Westbrook,6832,734,0.11,6098,0.89,2456,0.36,3073,0.45,3759,0.55,5226,0.76,74,0.01,938,0.14,594,0.09,924,0.14,3510,2701,0.77,1073,0.32,3319,0.95,5758,423,0.07,2615,0.45,76172,6801,393,0.06,1243,0.18,734,32,0.04,51,0.07,2440,74,0.03,452,0.19
6_town,Ansonia,18951,3519,0.19,15432,0.81,3453,0.18,9057,0.48,9894,0.52,9581,0.51,3129,0.17,4755,0.25,1486,0.08,3480,0.18,7455,4368,0.59,2744,0.38,6896,0.93,13845,1463,0.11,3142,0.23,80585,18951,1621,0.09,4264,0.23,3519,227,0.06,996,0.28,3453,339,0.1,900,0.26
6_town,Beacon Falls,6089,974,0.16,5115,0.84,1520,0.25,3187,0.52,2902,0.48,4856,0.8,395,0.06,510,0.08,328,0.05,455,0.07,2651,2211,0.83,919,0.35,2480,0.94,4689,111,0.02,2035,0.43,95405,6089,245,0.04,651,0.11,974,50,0.05,50,0.05,1520,81,0.05,211,0.14
6_town,Bethlehem,3398,696,0.2,2702,0.8,766,0.23,1687,0.5,1711,0.5,3085,0.91,34,0.01,170,0.05,109,0.03,198,0.06,1332,907,0.68,441,0.34,1322,0.99,2454,28,0.01,896,0.37,106731,3381,278,0.08,629,0.19,683,19,0.03,112,0.16,766,64,0.08,151,0.2
6_town,Bristol,61129,12014,0.2,49115,0.8,9711,0.16,30627,0.5,30502,0.5,39669,0.65,4059,0.07,11385,0.19,6016,0.1,6387,0.1,24737,16015,0.65,7940,0.33,22989,0.93,43455,2876,0.07,13246,0.3,83458,60381,5078,0.08,13358,0.22,11770,1261,0.11,2933,0.25,9300,722,0.08,2402,0.26
6_town,Cheshire,28852,6368,0.22,22484,0.78,5807,0.2,14299,0.5,14553,0.5,21167,0.73,776,0.03,1965,0.07,4944,0.17,3762,0.13,10074,8799,0.87,2173,0.22,9617,0.95,20432,1400,0.07,12684,0.62,150787,27054,1133,0.04,1984,0.07,6153,214,0.03,296,0.05,5634,267,0.05,661,0.12
6_town,Derby,12359,1983,0.16,10376,0.84,2542,0.21,5837,0.47,6522,0.53,7275,0.59,1396,0.11,2583,0.21,1105,0.09,1542,0.12,5775,3592,0.62,2574,0.46,5340,0.92,9730,1072,0.11,3226,0.33,76263,12301,1138,0.09,3224,0.26,1983,87,0.04,675,0.34,2500,450,0.18,856,0.34
6_town,Middlebury,7736,1808,0.23,5928,0.77,1699,0.22,3505,0.45,4231,0.55,6397,0.83,35,0,311,0.04,993,0.13,931,0.12,2861,2534,0.89,698,0.25,2760,0.96,5413,224,0.04,2890,0.53,142750,7685,413,0.05,987,0.13,1808,77,0.04,162,0.09,1652,40,0.02,357,0.22
6_town,Naugatuck,31634,6374,0.2,25260,0.8,4629,0.15,15812,0.5,15822,0.5,19179,0.61,3590,0.11,5441,0.17,3424,0.11,5504,0.17,12534,8563,0.68,3937,0.32,11647,0.93,22311,2121,0.1,7228,0.32,92184,31318,1910,0.06,6076,0.19,6225,699,0.11,1652,0.27,4475,354,0.08,1233,0.28
6_town,Oxford,12870,2860,0.22,10010,0.78,2967,0.23,6786,0.53,6084,0.47,9916,0.77,100,0.01,1509,0.12,1345,0.1,1363,0.11,4929,4492,0.91,1198,0.25,4812,0.98,9405,324,0.03,4306,0.46,125563,12870,310,0.02,874,0.07,2860,41,0.01,176,0.06,2967,142,0.05,348,0.12
6_town,Plymouth,11715,2196,0.19,9519,0.81,2240,0.19,5528,0.47,6187,0.53,10027,0.86,124,0.01,880,0.08,684,0.06,448,0.04,4609,3646,0.79,1280,0.29,4368,0.95,8465,564,0.07,2340,0.28,99797,11602,828,0.07,2341,0.2,2135,233,0.11,634,0.3,2188,174,0.08,486,0.22
6_town,Prospect,9414,2122,0.23,7292,0.77,2229,0.24,4554,0.48,4860,0.52,7891,0.84,350,0.04,457,0.05,716,0.08,1041,0.11,3276,3093,0.94,762,0.23,3254,0.99,7076,366,0.05,2600,0.37,125556,9350,217,0.02,849,0.09,2122,59,0.03,158,0.07,2173,44,0.02,368,0.17
6_town,Seymour,16799,3633,0.22,13166,0.78,2786,0.17,8059,0.48,8740,0.52,11258,0.67,1175,0.07,3117,0.19,1249,0.07,1806,0.11,6287,4637,0.74,2065,0.33,5868,0.93,12038,939,0.08,4180,0.35,103682,16655,1046,0.06,3124,0.19,3600,324,0.09,1072,0.3,2681,124,0.05,524,0.2
6_town,Shelton,41402,7808,0.19,33594,0.81,8309,0.2,19684,0.48,21718,0.52,28713,0.69,2414,0.06,4907,0.12,5368,0.13,6883,0.17,15741,11950,0.76,4722,0.31,14899,0.95,30907,1856,0.06,13458,0.44,114739,41023,2311,0.06,6386,0.16,7807,424,0.05,1388,0.18,7960,643,0.08,1678,0.21
6_town,Southbury,19973,3882,0.19,16091,0.81,6023,0.3,9427,0.47,10546,0.53,16665,0.83,372,0.02,1749,0.09,1187,0.06,1646,0.08,8123,7090,0.87,2505,0.32,7657,0.94,14901,781,0.05,7679,0.52,112434,19727,648,0.03,2448,0.12,3854,0,0,370,0.1,5870,427,0.07,1288,0.22
6_town,Thomaston,7476,1611,0.22,5865,0.78,1310,0.18,3868,0.52,3608,0.48,5944,0.8,153,0.02,661,0.09,718,0.1,388,0.05,3038,2456,0.81,917,0.3,2872,0.95,5334,254,0.05,1922,0.36,104074,7459,197,0.03,794,0.11,1597,0,0,87,0.05,1310,28,0.02,271,0.21
6_town,Waterbury,114356,25729,0.22,88627,0.78,17798,0.16,55706,0.49,58650,0.51,34909,0.31,27144,0.24,42895,0.38,9408,0.08,20754,0.18,45962,20687,0.45,20063,0.46,37356,0.81,76910,15096,0.2,13088,0.17,51642,112614,26915,0.24,51150,0.45,25134,8694,0.35,15304,0.61,17306,2693,0.16,6456,0.37
6_town,Watertown,22171,3831,0.17,18340,0.83,5040,0.23,10659,0.48,11512,0.52,17768,0.8,407,0.02,2483,0.11,1513,0.07,2417,0.11,8560,6892,0.81,2559,0.3,8117,0.95,17021,1132,0.07,6332,0.37,97664,22038,1089,0.05,3002,0.14,3794,241,0.06,459,0.12,4947,172,0.03,996,0.2
6_town,Wolcott,16192,3275,0.2,12917,0.8,3048,0.19,8154,0.5,8038,0.5,13580,0.84,681,0.04,649,0.04,1282,0.08,868,0.05,6067,5285,0.87,1726,0.29,5922,0.98,11544,566,0.05,4225,0.37,114406,16102,245,0.02,2041,0.13,3271,0,0,663,0.2,2985,76,0.03,555,0.19
6_town,Woodbury,9787,1607,0.16,8180,0.84,2779,0.28,4641,0.47,5146,0.53,8523,0.87,207,0.02,377,0.04,680,0.07,946,0.1,4329,3413,0.79,1122,0.26,4187,0.97,7688,111,0.01,3869,0.5,129427,9787,553,0.06,1040,0.11,1607,96,0.06,154,0.1,2779,159,0.06,317,0.11
6_town,Ashford,4220,766,0.18,3454,0.82,745,0.18,2031,0.48,2189,0.52,3731,0.88,0,0,190,0.05,299,0.07,166,0.04,1827,1477,0.81,420,0.23,1813,0.99,3169,33,0.01,1265,0.4,129219,4214,204,0.05,652,0.15,766,35,0.05,225,0.29,739,24,0.03,77,0.1
6_town,Brooklyn,8456,1809,0.21,6647,0.79,1525,0.18,4432,0.52,4024,0.48,7435,0.88,67,0.01,417,0.05,537,0.06,353,0.04,2889,2270,0.79,730,0.26,2795,0.97,6070,514,0.08,1306,0.22,90575,8028,270,0.03,1505,0.19,1770,30,0.02,280,0.16,1459,71,0.05,459,0.31
6_town,Canterbury,5082,786,0.15,4296,0.85,1356,0.27,2513,0.49,2569,0.51,4484,0.88,186,0.04,192,0.04,220,0.04,145,0.03,2230,1946,0.87,421,0.2,2173,0.97,4036,296,0.07,1047,0.26,99487,5082,260,0.05,649,0.13,786,49,0.06,129,0.16,1356,33,0.02,181,0.13
6_town,Chaplin,2168,366,0.17,1802,0.83,413,0.19,1025,0.47,1143,0.53,1898,0.88,13,0.01,95,0.04,162,0.07,54,0.02,902,751,0.83,274,0.31,873,0.97,1483,103,0.07,347,0.23,96582,2168,146,0.07,394,0.18,366,41,0.11,105,0.29,413,43,0.1,119,0.29
6_town,Eastford,1616,281,0.17,1335,0.83,346,0.21,829,0.51,787,0.49,1532,0.95,3,0,39,0.02,42,0.03,47,0.03,604,507,0.84,121,0.21,595,0.99,1178,35,0.03,509,0.43,108500,1608,129,0.08,319,0.2,281,37,0.13,79,0.28,346,29,0.08,87,0.25
6_town,Hampton,1628,314,0.19,1314,0.81,399,0.25,903,0.55,725,0.45,1472,0.9,1,0,86,0.05,69,0.04,24,0.01,686,624,0.91,164,0.25,663,0.97,1225,39,0.03,404,0.33,112344,1628,104,0.06,293,0.18,314,25,0.08,93,0.3,399,27,0.07,55,0.14
6_town,Killingly,17785,3445,0.19,14340,0.81,3198,0.18,8523,0.48,9262,0.52,15527,0.87,367,0.02,853,0.05,1038,0.06,756,0.04,7202,4977,0.69,2284,0.33,6860,0.95,13197,1293,0.1,3185,0.24,81881,17557,2583,0.15,4776,0.27,3425,786,0.23,1373,0.4,3032,349,0.12,804,0.27
6_town,Plainfield,15079,2945,0.2,12134,0.8,2342,0.16,7579,0.5,7500,0.5,12705,0.84,580,0.04,888,0.06,906,0.06,894,0.06,6132,4500,0.73,1951,0.32,5748,0.94,10863,873,0.08,1563,0.14,75631,14940,1318,0.09,3547,0.24,2931,346,0.12,992,0.34,2226,223,0.1,561,0.25
6_town,Pomfret,4294,950,0.22,3344,0.78,873,0.2,2106,0.49,2188,0.51,3821,0.89,13,0,174,0.04,286,0.07,360,0.08,1651,1325,0.8,392,0.25,1539,0.93,3092,136,0.04,1451,0.47,105642,4228,257,0.06,536,0.13,946,77,0.08,117,0.12,873,17,0.02,170,0.19
6_town,Putnam,9256,1680,0.18,7576,0.82,1766,0.19,4551,0.49,4705,0.51,7736,0.84,220,0.02,640,0.07,660,0.07,392,0.04,4128,2456,0.59,1275,0.32,3771,0.91,6907,1041,0.15,1443,0.21,67416,9088,963,0.11,2782,0.31,1649,139,0.08,612,0.37,1679,276,0.16,600,0.36
6_town,Scotland,1524,262,0.17,1262,0.83,257,0.17,763,0.5,761,0.5,1201,0.79,1,0,91,0.06,231,0.15,65,0.04,549,469,0.85,137,0.25,544,0.99,1039,55,0.05,302,0.29,94946,1524,63,0.04,175,0.11,262,0,0,25,0.1,257,21,0.08,59,0.23
6_town,Sterling,3601,823,0.23,2778,0.77,534,0.15,2075,0.58,1526,0.42,2927,0.81,146,0.04,209,0.06,319,0.09,124,0.03,1272,1046,0.82,440,0.35,1253,0.99,2433,308,0.13,340,0.14,89167,3601,643,0.18,1089,0.3,823,264,0.32,425,0.52,534,37,0.07,153,0.29
6_town,Thompson,9275,1153,0.12,8122,0.88,2077,0.22,4540,0.49,4735,0.51,8213,0.89,1,0,498,0.05,563,0.06,425,0.05,4006,3277,0.82,944,0.24,3886,0.97,7557,600,0.08,1851,0.24,88421,9237,565,0.06,1554,0.17,1130,91,0.08,248,0.22,2077,154,0.07,422,0.2
6_town,Union,991,197,0.2,794,0.8,227,0.23,425,0.43,566,0.57,912,0.92,0,0,52,0.05,27,0.03,22,0.02,414,383,0.93,124,0.3,401,0.97,760,23,0.03,203,0.27,89375,991,71,0.07,171,0.17,197,34,0.17,88,0.45,227,5,0.02,18,0.08
6_town,Voluntown,2587,436,0.17,2151,0.83,415,0.16,1330,0.51,1257,0.49,2209,0.85,0,0,58,0.02,320,0.12,52,0.02,1099,890,0.81,254,0.23,1008,0.92,1871,78,0.04,474,0.25,92438,2587,172,0.07,536,0.21,436,43,0.1,199,0.46,415,11,0.03,46,0.11
6_town,Woodstock,8267,1623,0.2,6644,0.8,1779,0.22,4204,0.51,4063,0.49,7750,0.94,13,0,357,0.04,147,0.02,195,0.02,3564,2937,0.82,790,0.23,3474,0.97,6128,179,0.03,2885,0.47,104487,8267,389,0.05,814,0.1,1623,72,0.04,110,0.07,1779,103,0.06,249,0.14
6_town,Barkhamsted,3652,658,0.18,2994,0.82,909,0.25,1806,0.49,1846,0.51,3360,0.92,1,0,253,0.07,38,0.01,83,0.02,1372,1250,0.91,259,0.19,1372,1,2698,69,0.03,1411,0.52,119255,3652,172,0.05,213,0.06,658,57,0.09,57,0.09,909,24,0.03,32,0.04
6_town,Burlington,9613,2470,0.26,7143,0.74,1229,0.13,4792,0.5,4821,0.5,8342,0.87,46,0,424,0.04,801,0.08,882,0.09,3252,3017,0.93,539,0.17,3184,0.98,6439,150,0.02,3382,0.53,158357,9599,297,0.03,682,0.07,2456,23,0.01,102,0.04,1229,31,0.03,178,0.14
6_town,Canaan,1140,168,0.15,972,0.85,296,0.26,581,0.51,559,0.49,1039,0.91,11,0.01,47,0.04,43,0.04,66,0.06,494,411,0.83,209,0.44,476,0.96,831,21,0.03,434,0.52,87000,1140,191,0.17,320,0.28,168,11,0.07,47,0.28,296,15,0.05,38,0.13
6_town,Colebrook,1463,240,0.16,1223,0.84,392,0.27,741,0.51,722,0.49,1331,0.91,23,0.02,23,0.02,86,0.06,66,0.05,601,555,0.92,140,0.24,594,0.99,1124,50,0.04,437,0.39,114904,1436,99,0.07,183,0.13,235,37,0.16,53,0.23,392,6,0.02,33,0.08
6_town,Cornwall,1438,215,0.15,1223,0.85,395,0.27,690,0.48,748,0.52,1239,0.86,9,0.01,41,0.03,149,0.1,102,0.07,659,540,0.82,247,0.4,656,1,1109,6,0.01,611,0.55,101339,1438,233,0.16,430,0.3,215,89,0.41,120,0.56,395,9,0.02,55,0.14
6_town,Goshen,3181,586,0.18,2595,0.82,759,0.24,1547,0.49,1634,0.51,2740,0.86,0,0,191,0.06,250,0.08,250,0.08,1209,1064,0.88,251,0.21,1189,0.98,2363,15,0.01,1291,0.55,161354,3181,204,0.06,223,0.07,586,109,0.19,109,0.19,759,0,0,19,0.03
6_town,Hartland,1881,314,0.17,1567,0.83,415,0.22,1039,0.55,842,0.45,1774,0.94,3,0,55,0.03,49,0.03,44,0.02,775,717,0.93,133,0.17,742,0.96,1462,22,0.02,546,0.37,117109,1881,61,0.03,147,0.08,314,0,0,15,0.05,415,16,0.04,46,0.11
6_town,Harwinton,5529,1084,0.2,4445,0.8,1217,0.22,2936,0.53,2593,0.47,5070,0.92,0,0,332,0.06,127,0.02,317,0.06,2149,1966,0.91,498,0.24,2043,0.95,3987,136,0.03,1533,0.38,107440,5523,222,0.04,489,0.09,1078,61,0.06,86,0.08,1217,32,0.03,69,0.06
6_town,Kent,3041,423,0.14,2618,0.86,904,0.3,1577,0.52,1464,0.48,2700,0.89,0,0,132,0.04,209,0.07,251,0.08,1307,944,0.72,197,0.17,1207,0.92,2447,116,0.05,1325,0.54,101023,2943,306,0.1,551,0.19,423,69,0.16,148,0.35,871,26,0.03,91,0.1
6_town,Litchfield,8249,1351,0.16,6898,0.84,2199,0.27,3938,0.48,4311,0.52,7123,0.86,81,0.01,313,0.04,732,0.09,473,0.06,3436,2825,0.82,1053,0.31,3319,0.97,6355,305,0.05,2953,0.46,106912,8160,350,0.04,1234,0.15,1327,30,0.02,184,0.14,2135,82,0.04,402,0.19
6_town,Morris,2100,372,0.18,1728,0.82,553,0.26,1146,0.55,954,0.45,1997,0.95,31,0.01,29,0.01,43,0.02,21,0.01,920,849,0.92,258,0.28,897,0.98,1634,53,0.03,683,0.42,111000,2100,90,0.04,225,0.11,372,0,0,33,0.09,553,23,0.04,61,0.11
6_town,New Hartford,6684,1396,0.21,5288,0.79,1095,0.16,3423,0.51,3261,0.49,6276,0.94,0,0,158,0.02,250,0.04,244,0.04,2652,2285,0.86,470,0.19,2574,0.97,4977,69,0.01,2346,0.47,116618,6684,108,0.02,313,0.05,1396,0,0,19,0.01,1095,37,0.03,139,0.13
6_town,Norfolk,1732,278,0.16,1454,0.84,490,0.28,842,0.49,890,0.51,1447,0.84,16,0.01,151,0.09,118,0.07,96,0.06,737,549,0.74,260,0.36,733,0.99,1417,17,0.01,647,0.46,85859,1727,166,0.1,371,0.21,273,37,0.14,63,0.23,490,32,0.07,88,0.18
6_town,North Canaan,3200,794,0.25,2406,0.75,661,0.21,1607,0.5,1593,0.5,2589,0.81,0,0,422,0.13,189,0.06,239,0.07,1297,856,0.66,505,0.4,1165,0.9,2291,242,0.11,576,0.25,68295,3079,596,0.19,872,0.28,764,222,0.29,246,0.32,575,56,0.1,174,0.3
6_town,Roxbury,2184,310,0.14,1874,0.86,605,0.28,1099,0.5,1085,0.5,1843,0.84,148,0.07,107,0.05,86,0.04,295,0.14,1029,847,0.82,428,0.43,1024,1,1775,23,0.01,1177,0.66,120250,2184,71,0.03,338,0.15,310,0,0,59,0.19,605,31,0.05,115,0.19
6_town,Salisbury,4206,916,0.22,3290,0.78,1113,0.26,1954,0.46,2252,0.54,3561,0.85,150,0.04,207,0.05,288,0.07,399,0.09,1564,1033,0.66,459,0.31,1471,0.94,3058,55,0.02,1693,0.55,99382,4132,200,0.05,620,0.15,916,50,0.05,164,0.18,1058,24,0.02,106,0.1
6_town,Sharon,2710,165,0.06,2545,0.94,1110,0.41,1365,0.5,1345,0.5,2199,0.81,4,0,33,0.01,474,0.17,455,0.17,1439,1048,0.73,465,0.35,1408,0.98,2482,148,0.06,1455,0.59,106951,2680,220,0.08,478,0.18,165,0,0,29,0.18,1080,56,0.05,174,0.16
6_town,Torrington,35481,6247,0.18,29234,0.82,6605,0.19,17653,0.5,17828,0.5,25767,0.73,2070,0.06,4834,0.14,2810,0.08,4230,0.12,15167,10075,0.66,4735,0.32,13777,0.91,26135,2849,0.11,6413,0.25,69611,34787,4731,0.14,10545,0.3,6009,1136,0.19,2556,0.43,6218,802,0.13,1842,0.3
6_town,Warren,1474,183,0.12,1291,0.88,363,0.25,855,0.58,619,0.42,1079,0.73,36,0.02,205,0.14,154,0.1,83,0.06,580,536,0.92,177,0.31,571,0.98,968,38,0.04,496,0.51,119167,1474,72,0.05,175,0.12,183,7,0.04,11,0.06,363,16,0.04,81,0.22
6_town,Washington,3648,738,0.2,2910,0.8,962,0.26,1662,0.46,1986,0.54,2912,0.8,13,0,611,0.17,112,0.03,565,0.15,1395,1050,0.75,419,0.32,1350,0.97,2686,154,0.06,1537,0.57,89135,3550,420,0.12,832,0.23,724,171,0.24,263,0.36,962,30,0.03,181,0.19
6_town,Winchester,10242,1492,0.15,8750,0.85,2829,0.28,5155,0.5,5087,0.5,8917,0.87,184,0.02,874,0.09,267,0.03,676,0.07,5001,3266,0.65,1896,0.39,4541,0.91,8210,478,0.06,2318,0.28,68890,10084,1415,0.14,2508,0.25,1378,129,0.09,385,0.28,2790,390,0.14,674,0.24
6_town,Bethany,5280,1061,0.2,4219,0.8,974,0.18,2718,0.51,2562,0.49,4771,0.9,191,0.04,92,0.02,226,0.04,445,0.08,1816,1738,0.96,394,0.22,1816,1,3725,130,0.03,2193,0.59,153879,5191,38,0.01,231,0.04,974,0,0,0,0,974,20,0.02,127,0.13
6_town,Branford,28090,3970,0.14,24120,0.86,8078,0.29,13531,0.48,14559,0.52,23745,0.85,865,0.03,1506,0.05,1974,0.07,2752,0.1,13103,8759,0.67,4502,0.35,12429,0.95,22723,818,0.04,11249,0.5,97223,27826,1843,0.07,4374,0.16,3920,371,0.09,599,0.15,7871,484,0.06,1442,0.18
6_town,East Haven,27729,4751,0.17,22978,0.83,5665,0.2,12967,0.47,14762,0.53,20283,0.73,1043,0.04,5348,0.19,1055,0.04,2884,0.1,11282,8454,0.75,3973,0.36,10556,0.94,20768,1724,0.08,5201,0.25,86498,27434,2198,0.08,5971,0.22,4658,405,0.09,1230,0.26,5484,646,0.12,1467,0.27
6_town,Guilford,22037,4773,0.22,17264,0.78,5774,0.26,11047,0.5,10990,0.5,19082,0.87,350,0.02,970,0.04,1635,0.07,1808,0.08,8770,7448,0.85,2722,0.31,8541,0.97,16012,359,0.02,9224,0.58,130036,21905,674,0.03,2506,0.11,4772,72,0.02,500,0.1,5653,232,0.04,1039,0.18
6_town,Hamden,60297,10522,0.17,49775,0.83,10684,0.18,28937,0.48,31360,0.52,33070,0.55,14150,0.23,8043,0.13,5034,0.08,7944,0.13,23195,14406,0.62,8095,0.36,21354,0.92,41017,2375,0.06,19132,0.47,92176,55000,5160,0.09,11717,0.21,10255,1079,0.11,2712,0.26,10227,685,0.07,2185,0.21
6_town,Madison,17577,3334,0.19,14243,0.81,4307,0.25,8820,0.5,8757,0.5,15414,0.88,157,0.01,519,0.03,1487,0.08,1509,0.09,6879,6230,0.91,1672,0.25,6696,0.97,13211,187,0.01,9479,0.72,168341,17422,332,0.02,781,0.04,3310,0,0,0,0,4231,130,0.03,352,0.08
6_town,Meriden,60418,13049,0.22,47369,0.78,9224,0.15,29072,0.48,31346,0.52,29710,0.49,4463,0.07,22777,0.38,3468,0.06,6417,0.11,24709,14798,0.6,9287,0.38,22228,0.9,42163,5754,0.14,9363,0.22,68617,59733,8461,0.14,20565,0.34,12935,2927,0.23,6987,0.54,8761,848,0.1,2604,0.3
6_town,Milford,52340,8832,0.17,43508,0.83,11253,0.21,25224,0.48,27116,0.52,42012,0.8,1357,0.03,4679,0.09,4292,0.08,5436,0.1,22098,16971,0.77,6615,0.3,21186,0.96,39912,1597,0.04,19496,0.49,109580,51921,2305,0.04,6037,0.12,8758,371,0.04,1081,0.12,10982,549,0.05,1554,0.14
6_town,New Haven,132893,28710,0.22,104183,0.78,15578,0.12,63515,0.48,69378,0.52,38974,0.29,38597,0.29,41503,0.31,13819,0.1,23526,0.18,53424,15157,0.28,25205,0.49,39799,0.74,84441,11853,0.14,31866,0.38,53771,125166,31269,0.25,58011,0.46,28075,10060,0.36,17732,0.63,15195,2895,0.19,6993,0.46
6_town,North Branford,13487,2518,0.19,10969,0.81,3043,0.23,6763,0.5,6724,0.5,12102,0.9,61,0,578,0.04,746,0.06,697,0.05,5015,4424,0.88,1315,0.27,4856,0.97,9772,443,0.05,3465,0.35,113687,13439,463,0.03,1680,0.13,2505,34,0.01,231,0.09,3016,160,0.05,590,0.2
6_town,North Haven,24177,5082,0.21,19095,0.79,5443,0.23,12205,0.5,11972,0.5,19110,0.79,890,0.04,1735,0.07,2442,0.1,2724,0.11,9627,7822,0.81,2256,0.24,9222,0.96,17779,835,0.05,8425,0.47,126807,24058,1120,0.05,2899,0.12,5028,279,0.06,647,0.13,5399,265,0.05,802,0.15
6_town,Orange,14251,3359,0.24,10892,0.76,3144,0.22,6633,0.47,7618,0.53,11442,0.8,633,0.04,514,0.04,1662,0.12,2017,0.14,5252,4671,0.89,1405,0.27,5034,0.96,9833,298,0.03,5810,0.59,145625,14201,437,0.03,1074,0.08,3359,73,0.02,321,0.1,3097,209,0.07,358,0.12
6_town,Wallingford,44039,7970,0.18,36069,0.82,9626,0.22,21196,0.48,22843,0.52,35248,0.8,913,0.02,4866,0.11,3012,0.07,4867,0.11,18654,13506,0.72,5145,0.28,17756,0.95,33351,2149,0.06,13011,0.39,101572,43435,2498,0.06,5783,0.13,7951,412,0.05,832,0.1,9193,845,0.09,2353,0.26
6_town,West Haven,55147,11863,0.22,43284,0.78,8373,0.15,26568,0.48,28579,0.52,25728,0.47,10019,0.18,14605,0.26,4795,0.09,11441,0.21,20730,10589,0.51,7888,0.39,18484,0.89,35813,4393,0.12,10399,0.29,73566,52099,6504,0.12,15669,0.3,11734,1713,0.15,4733,0.4,8207,785,0.1,1806,0.22
6_town,Woodbridge,9041,2366,0.26,6675,0.74,1958,0.22,4743,0.52,4298,0.48,6929,0.77,266,0.03,538,0.06,1308,0.14,1428,0.16,3185,2935,0.92,620,0.2,3004,0.94,6405,162,0.03,4710,0.74,201926,8947,154,0.02,501,0.06,2355,15,0.01,91,0.04,1889,101,0.05,179,0.09
6_town,Bozrah,2373,496,0.21,1877,0.79,440,0.19,1250,0.53,1123,0.47,2183,0.92,3,0,99,0.04,88,0.04,35,0.01,938,798,0.85,166,0.18,913,0.97,1739,40,0.02,569,0.33,110250,2369,234,0.1,463,0.2,492,109,0.22,175,0.36,440,15,0.03,68,0.15
6_town,Colchester,15505,3472,0.22,12033,0.78,2843,0.18,8051,0.52,7454,0.48,13867,0.89,334,0.02,773,0.05,531,0.03,967,0.06,6138,4789,0.78,1435,0.24,5871,0.96,11207,483,0.04,5207,0.46,118839,15354,640,0.04,1724,0.11,3472,32,0.01,196,0.06,2712,207,0.08,514,0.19
6_town,East Lyme,18638,3207,0.17,15431,0.83,4816,0.26,8458,0.45,10180,0.55,15030,0.81,328,0.02,1100,0.06,2180,0.12,1768,0.09,7894,6057,0.77,2319,0.3,7699,0.98,14364,455,0.03,7225,0.5,107667,17674,859,0.05,1975,0.11,3191,139,0.04,220,0.07,4695,321,0.07,896,0.19
6_town,Franklin,1925,505,0.26,1420,0.74,342,0.18,961,0.5,964,0.5,1505,0.78,107,0.06,89,0.05,224,0.12,25,0.01,725,621,0.86,136,0.2,673,0.93,1336,53,0.04,386,0.29,100179,1897,154,0.08,318,0.17,477,66,0.14,85,0.18,342,30,0.09,79,0.23
6_town,Griswold,11484,2118,0.18,9366,0.82,1953,0.17,5621,0.49,5863,0.51,10006,0.87,25,0,601,0.05,852,0.07,326,0.03,4901,3710,0.76,1469,0.31,4558,0.93,8544,680,0.08,1530,0.18,80694,11482,853,0.07,2554,0.22,2118,99,0.05,635,0.3,1953,88,0.05,448,0.23
6_town,Groton,38086,6992,0.18,31094,0.82,7292,0.19,20637,0.54,17449,0.46,26766,0.7,1830,0.05,4631,0.12,4859,0.13,3364,0.09,16499,8561,0.52,5249,0.32,15317,0.93,26392,1528,0.06,11137,0.42,83547,36323,3650,0.1,8927,0.25,6893,933,0.14,2607,0.38,6998,486,0.07,1317,0.19
6_town,Lebanon,7137,1346,0.19,5791,0.81,1464,0.21,3448,0.48,3689,0.52,6576,0.92,0,0,333,0.05,228,0.03,340,0.05,2821,2356,0.84,558,0.21,2821,1,5308,259,0.05,1986,0.37,106594,7135,381,0.05,1425,0.2,1345,105,0.08,429,0.32,1464,77,0.05,267,0.18
6_town,Ledyard,15394,4114,0.27,11280,0.73,2375,0.15,8004,0.52,7390,0.48,11932,0.78,463,0.03,1369,0.09,1630,0.11,723,0.05,5504,4750,0.86,1400,0.26,5317,0.97,10342,341,0.03,4106,0.4,107774,15381,1149,0.07,2294,0.15,4104,502,0.12,779,0.19,2375,167,0.07,445,0.19
6_town,Lisbon,4213,975,0.23,3238,0.77,853,0.2,2171,0.52,2042,0.48,3961,0.94,1,0,61,0.01,190,0.05,60,0.01,1626,1540,0.95,518,0.33,1593,0.98,2962,151,0.05,629,0.21,94302,4211,307,0.07,997,0.24,975,92,0.09,375,0.38,853,106,0.12,232,0.27
6_town,Montville,18006,3182,0.18,14824,0.82,2976,0.17,9300,0.52,8706,0.48,13430,0.75,894,0.05,1510,0.08,2172,0.12,1252,0.07,6610,5441,0.82,1799,0.28,6161,0.93,13109,1037,0.08,3266,0.25,87752,16968,1363,0.08,3053,0.18,3136,372,0.12,749,0.24,2807,159,0.06,525,0.19
6_town,New London,27199,4803,0.18,22396,0.82,3917,0.14,12908,0.47,14291,0.53,12182,0.45,3664,0.13,9368,0.34,1985,0.07,5206,0.19,11569,4634,0.4,4840,0.43,9746,0.84,17505,2095,0.12,5067,0.29,60123,24011,5036,0.21,9146,0.38,4624,1597,0.35,2558,0.55,3761,334,0.09,956,0.25
6_town,North Stonington,5154,898,0.17,4256,0.83,1233,0.24,2666,0.52,2488,0.48,4453,0.86,2,0,504,0.1,195,0.04,258,0.05,2051,1889,0.92,505,0.25,1959,0.96,3821,166,0.04,1564,0.41,115069,5151,310,0.06,852,0.17,897,75,0.08,82,0.09,1233,0,0,238,0.19
6_town,Norwich,39992,8439,0.21,31553,0.79,7147,0.18,19954,0.5,20038,0.5,22375,0.56,4026,0.1,8573,0.21,5018,0.13,5833,0.15,16840,9102,0.54,6629,0.4,14840,0.88,28082,3442,0.12,6348,0.23,64185,39687,5921,0.15,13144,0.33,8303,1844,0.22,3687,0.44,6999,653,0.09,2237,0.32
6_town,Preston,4812,945,0.2,3867,0.8,1105,0.23,2336,0.49,2476,0.51,4471,0.93,52,0.01,155,0.03,134,0.03,158,0.03,1897,1752,0.92,433,0.23,1893,1,3473,148,0.04,953,0.27,109375,4793,78,0.02,544,0.11,926,0,0,99,0.11,1105,49,0.04,231,0.21
6_town,Salem,4247,1005,0.24,3242,0.76,782,0.18,2204,0.52,2043,0.48,3761,0.89,56,0.01,173,0.04,257,0.06,290,0.07,1673,1470,0.88,445,0.28,1660,0.99,2976,35,0.01,1566,0.53,118378,4236,268,0.06,459,0.11,1000,96,0.1,132,0.13,782,18,0.02,52,0.07
6_town,Sprague,2945,668,0.23,2277,0.77,512,0.17,1416,0.48,1529,0.52,2306,0.78,120,0.04,292,0.1,227,0.08,110,0.04,1081,719,0.67,234,0.22,1081,1,2133,252,0.12,447,0.21,89838,2873,337,0.12,651,0.23,596,103,0.17,180,0.3,512,17,0.03,70,0.14
6_town,Stonington,18381,3292,0.18,15089,0.82,5169,0.28,9175,0.5,9206,0.5,15699,0.85,413,0.02,573,0.03,1696,0.09,924,0.05,8364,5986,0.72,2249,0.28,7982,0.95,14271,406,0.03,7375,0.52,108922,18103,1084,0.06,2793,0.15,3292,312,0.09,649,0.2,4996,292,0.06,844,0.17
6_town,Waterford,19629,3674,0.19,15955,0.81,4395,0.22,9707,0.49,9922,0.51,16265,0.83,488,0.02,1135,0.06,1741,0.09,1125,0.06,8047,6501,0.81,1998,0.25,7621,0.95,14667,607,0.04,5791,0.39,109485,19254,903,0.05,3049,0.16,3634,229,0.06,733,0.2,4137,154,0.04,661,0.16
6_town,Windham,23905,4490,0.19,19415,0.81,3529,0.15,11477,0.48,12428,0.52,12234,0.51,1041,0.04,9602,0.4,1028,0.04,1895,0.08,9399,4247,0.45,3828,0.43,8345,0.89,14893,2325,0.16,3126,0.21,55034,21469,4790,0.22,9917,0.46,4476,1278,0.29,2868,0.64,3276,304,0.09,931,0.28
6_town,Bethel,20498,4581,0.22,15917,0.78,3165,0.15,10221,0.5,10277,0.5,13300,0.65,1328,0.06,2858,0.14,3012,0.15,4299,0.21,7538,5955,0.79,2566,0.34,7082,0.94,14151,1266,0.09,6308,0.45,115135,20325,870,0.04,3857,0.19,4556,159,0.03,1287,0.28,3039,183,0.06,648,0.21
6_town,Bridgewater,1670,219,0.13,1451,0.87,594,0.36,843,0.5,827,0.5,1549,0.93,30,0.02,37,0.02,54,0.03,152,0.09,703,643,0.91,124,0.18,688,0.98,1375,27,0.02,809,0.59,156682,1670,42,0.03,67,0.04,219,0,0,0,0,594,26,0.04,41,0.07
6_town,Brookfield,17490,3872,0.22,13618,0.78,3704,0.21,8178,0.47,9312,0.53,13900,0.79,637,0.04,1533,0.09,1420,0.08,2362,0.14,6542,5596,0.86,1614,0.25,6310,0.96,12688,445,0.04,6882,0.54,142432,17361,1007,0.06,1956,0.11,3807,299,0.08,572,0.15,3640,149,0.04,363,0.1
6_town,Danbury,86086,16891,0.2,69195,0.8,14244,0.17,43523,0.51,42563,0.49,37701,0.44,9682,0.11,26787,0.31,11916,0.14,29877,0.35,32652,17939,0.55,13538,0.43,30066,0.92,60408,9817,0.16,20848,0.35,83422,83577,9301,0.11,22348,0.27,16703,2806,0.17,6400,0.38,13862,1347,0.1,3262,0.24
6_town,Darien,21683,6763,0.31,14920,0.69,3046,0.14,10938,0.5,10745,0.5,17947,0.83,89,0,1164,0.05,2483,0.11,2413,0.11,7111,5908,0.83,2034,0.29,6984,0.98,13383,216,0.02,11462,0.86,250001,21676,1293,0.06,1705,0.08,6756,415,0.06,490,0.07,3046,134,0.04,286,0.09
6_town,Greenwich,63505,16199,0.26,47306,0.74,11311,0.18,30210,0.48,33295,0.52,44267,0.7,2110,0.03,8603,0.14,8525,0.13,14104,0.22,22800,15684,0.69,7722,0.35,21861,0.96,42871,1649,0.04,31022,0.72,198458,63137,3390,0.05,8214,0.13,16190,965,0.06,2355,0.15,11014,531,0.05,1529,0.14
6_town,New Canaan,20704,5699,0.28,15005,0.72,3326,0.16,9795,0.47,10909,0.53,17179,0.83,362,0.02,976,0.05,2187,0.11,2932,0.14,7021,5870,0.84,2466,0.36,6746,0.96,13325,211,0.02,11039,0.83,250001,20643,680,0.03,1505,0.07,5689,114,0.02,278,0.05,3295,197,0.06,365,0.11
6_town,New Fairfield,13558,3507,0.26,10051,0.74,2290,0.17,6818,0.5,6740,0.5,10129,0.75,537,0.04,1806,0.13,1086,0.08,1588,0.12,4500,4061,0.9,1363,0.3,4476,0.99,8527,473,0.06,3869,0.45,143864,13473,553,0.04,1461,0.11,3422,103,0.03,334,0.1,2290,156,0.07,357,0.16
6_town,New Milford,28161,6279,0.22,21882,0.78,4557,0.16,13195,0.47,14966,0.53,21838,0.78,1053,0.04,3333,0.12,1937,0.07,3420,0.12,10523,8478,0.81,3720,0.36,10196,0.97,19465,1008,0.05,7892,0.41,103630,27983,2125,0.08,4385,0.16,6279,469,0.07,1215,0.19,4421,258,0.06,666,0.15
6_town,Newtown,27384,6140,0.22,21244,0.78,5110,0.19,13824,0.5,13560,0.5,22163,0.81,619,0.02,2845,0.1,1757,0.06,2068,0.08,9496,8533,0.9,2690,0.29,9181,0.97,18911,789,0.04,10562,0.56,148067,26804,1264,0.05,2627,0.1,6123,391,0.06,646,0.11,4986,307,0.06,692,0.14
6_town,Norwalk,91375,17765,0.19,73610,0.81,15013,0.16,45386,0.5,45989,0.5,39052,0.43,16026,0.18,28680,0.31,7617,0.08,27332,0.3,35476,19553,0.55,14009,0.4,32691,0.92,66348,7390,0.11,29575,0.45,105301,90768,9184,0.1,20348,0.22,17416,2751,0.16,5845,0.34,14781,996,0.07,3042,0.21
6_town,Redding,8756,1723,0.2,7033,0.8,2261,0.26,4437,0.51,4319,0.49,7117,0.81,63,0.01,787,0.09,789,0.09,779,0.09,3473,3111,0.9,1112,0.33,3366,0.97,6586,68,0.01,4778,0.73,176719,8601,315,0.04,786,0.09,1723,58,0.03,136,0.08,2113,104,0.05,251,0.12
6_town,Ridgefield,24992,6170,0.25,18822,0.75,4817,0.19,11948,0.48,13044,0.52,20682,0.83,562,0.02,1527,0.06,2221,0.09,3086,0.12,9237,7782,0.84,2984,0.33,8717,0.94,17380,448,0.03,12483,0.72,168810,24898,785,0.03,2737,0.11,6170,83,0.01,748,0.12,4748,352,0.07,767,0.16
6_town,Sherman,3508,479,0.14,3029,0.86,1071,0.31,2002,0.57,1506,0.43,2975,0.85,26,0.01,235,0.07,272,0.08,279,0.08,1592,1525,0.96,385,0.24,1447,0.91,2838,110,0.04,1764,0.62,107375,3508,101,0.03,329,0.09,479,4,0.01,69,0.14,1071,48,0.04,99,0.09
6_town,Stamford,135806,24810,0.18,110996,0.82,21538,0.16,66141,0.49,69665,0.51,57727,0.43,26163,0.19,38165,0.28,13751,0.1,43173,0.32,54165,25756,0.48,23022,0.43,48992,0.9,98123,11348,0.12,50736,0.52,107474,134458,12816,0.1,31774,0.24,24206,3339,0.14,8184,0.34,21010,1906,0.09,5092,0.24
6_town,Weston,10335,2789,0.27,7546,0.73,1573,0.15,5024,0.49,5311,0.51,8101,0.78,284,0.03,924,0.09,1026,0.1,1685,0.16,3549,3475,0.98,1220,0.35,3531,0.99,6927,90,0.01,5588,0.81,250001,10335,204,0.02,430,0.04,2789,38,0.01,85,0.03,1573,27,0.02,89,0.06
6_town,Westport,27282,7617,0.28,19665,0.72,5068,0.19,13412,0.49,13870,0.51,21614,0.79,590,0.02,2444,0.09,2634,0.1,4302,0.16,9698,8443,0.87,3064,0.32,9492,0.98,18116,446,0.02,14074,0.78,250001,27075,983,0.04,1882,0.07,7484,173,0.02,388,0.05,5028,289,0.06,566,0.11
6_town,Wilton,18439,4868,0.26,13571,0.74,3026,0.16,9297,0.5,9142,0.5,13816,0.75,703,0.04,1161,0.06,2759,0.15,3211,0.17,6203,5448,0.88,1701,0.28,6045,0.97,12104,258,0.02,8947,0.74,227165,18200,459,0.03,981,0.05,4837,40,0.01,62,0.01,2893,94,0.03,313,0.11
